id,adresas,talpa,kiekis,seniūnija
1,Marvelės g. 58/62,"1,8",1,ALEKSOTO SENIŪNIJA
2,Akacijų g. 20,"1,8",1,ALEKSOTO SENIŪNIJA
3,Antanavos g. 21,"1,8",1,ALEKSOTO SENIŪNIJA
4,Antanavos g. 9,"1,8",1,ALEKSOTO SENIŪNIJA
5,Balbieriškio g.,"1,8",1,ALEKSOTO SENIŪNIJA
6,Bitininkų g. 19 darželis „Boružėlė“,"1,8",1,ALEKSOTO SENIŪNIJA
7,Bitininkų g. 31 Julijanavos vidurinė mokykla,"1,8",1,ALEKSOTO SENIŪNIJA
8,"Freda, Barkūnų g. 5 MOLOC KONTEINERIS","1,3",1,ALEKSOTO SENIŪNIJA
9,"Freda, Europos pr. 18 MOLOC KONTEINERIS","1,3",1,ALEKSOTO SENIŪNIJA
10,"Freda, Europos pr. 28 MOLOC KONTEINERIS","1,3",1,ALEKSOTO SENIŪNIJA
11,"Freda, Europos pr.-Saulėgrąžos g. MOLOC KONT","1,3",1,ALEKSOTO SENIŪNIJA
12,"Freda, Žilibero g. 6, prie Kauno Botanikos sodo","1,8",1,ALEKSOTO SENIŪNIJA
13,Julianavos g. 1A Stambiagabaritinių aikšt.,"1,8",1,ALEKSOTO SENIŪNIJA
14,Lakūnų pl 44,"1,8",1,ALEKSOTO SENIŪNIJA
15,Juodelynės/Dvarų g.,"1,8",1,ALEKSOTO SENIŪNIJA
16,Dvarų/Santarvės g,"1,8",1,ALEKSOTO SENIŪNIJA
17,Kalvarijos g. / Dragių,"1,8",1,ALEKSOTO SENIŪNIJA
18,Kalvarijos g. 72,"1,8",1,ALEKSOTO SENIŪNIJA
19,Marvelės g. (Gatvės gale),"1,8",1,ALEKSOTO SENIŪNIJA
20,Pilviškių g. aikštelėje,"2,3",1,ALEKSOTO SENIŪNIJA
21,S. Čiurlionienės-Kymantaitės g. 13 prie el. skirst. Dėžės,"1,8",1,ALEKSOTO SENIŪNIJA
22,S.Darius ir S.Girėno g. / Veiverių g. sankirta,"2,3",1,ALEKSOTO SENIŪNIJA
23,S.Darius ir S.Girėno g. 46 (Čepinskio g. 2),"1,8",1,ALEKSOTO SENIŪNIJA
24,Čepinskio g. 5,"1,8",1,ALEKSOTO SENIŪNIJA
25,Svirbygalos g. prieš namą Nr. 13,"1,8",1,ALEKSOTO SENIŪNIJA
26,"Technikumo g. 6 prie buitinio, kieme","1,8",1,ALEKSOTO SENIŪNIJA
27,Vaitkaus/ Kumpio kampas,"1,8",1,ALEKSOTO SENIŪNIJA
28,Veiverių g. /Briedžio g. prie pagrindinio kelio,"1,8",1,ALEKSOTO SENIŪNIJA
29,Vinčų g. 2,"1,8",1,ALEKSOTO SENIŪNIJA
30,Vinčų g. 16,"1,8",1,ALEKSOTO SENIŪNIJA
31,Vinčų g. 20,"1,8",1,ALEKSOTO SENIŪNIJA
32,A.Jakšto g. 16 MOLOC KONTEINERIAI,"1,3",1,CENTRO SENIŪNIJA
33,Donelaičio 61,"1,3",1,CENTRO SENIŪNIJA
34,Geležinkelio turgavietė,"1,8",1,CENTRO SENIŪNIJA
35,Gimnazijos g. 3 Maironio gimnazija,"1,8",1,CENTRO SENIŪNIJA
36,Kauno pilis (autobusų apsisukimo vieta),"2,3",1,CENTRO SENIŪNIJA
37,Kauno pilis (prie tualeto),"1,8",1,CENTRO SENIŪNIJA
38,Kęstučio g. 55 MOLOC KONTEINERIS,"1,3",1,CENTRO SENIŪNIJA
39,Kęstučio g. 61 ,"1,8",1,CENTRO SENIŪNIJA
40,Kumelių g. 10 MOLOC KONTEINERIS,"1,3",1,CENTRO SENIŪNIJA
41,Kurpių g. 25 MOLOC KONTEINERIS,"1,3",1,CENTRO SENIŪNIJA
42,Maironio g. 1 prie MOLOC KONTEINERIS,"1,3",1,CENTRO SENIŪNIJA
43,Maironio g.1 varpas (statyti toliau nuo tujų),"1,8",1,CENTRO SENIŪNIJA
44,Nemuno g. 26,"1,8",1,CENTRO SENIŪNIJA
45,Nemuno g. 26 MOLOC KONTEINERIS,"1,3",1,CENTRO SENIŪNIJA
46,Prie amfiteatro,"1,8",1,CENTRO SENIŪNIJA
47,Prieplaukos kr. 7 MOLOC KONTEINERIS,"1,3",1,CENTRO SENIŪNIJA
48,Ramybės parkas Įvaž. Iš Totorių gatvės,"1,8",1,CENTRO SENIŪNIJA
49,Rotušės a. 1 MOLOC KONTEINERIAI,5,2,CENTRO SENIŪNIJA
50,Rotušės a. 9 Jėzuitų gimnazija,"1,8",1,CENTRO SENIŪNIJA
51,Rotušės aikštė,"1,8",1,CENTRO SENIŪNIJA
52,Sopranų g. 5 ,"1,8",1,CENTRO SENIŪNIJA
53,Šv. Gertrūdos g. 5 MOLOC KONTEINERIS,"1,3",1,CENTRO SENIŪNIJA
54,Šv. Gertrūdos g. 8a MOLOC KONTEINERIS,"1,3",1,CENTRO SENIŪNIJA
55,Šv.Gertrūdos g. 22 A(automobilių stovėjimo aikštelė),"1,8",1,CENTRO SENIŪNIJA
56,V. Putvinskio g.  prie laiptų;,"1,8",1,CENTRO SENIŪNIJA
57,Vytauto pr. 43a „Vytauto“ namai,"1,8",1,CENTRO SENIŪNIJA
58,Vytauto pr. 24 Autobusu stotis,"1,8",1,CENTRO SENIŪNIJA
59,Vytauto pr. 50 A,"1,8",1,CENTRO SENIŪNIJA
60,Vytauto pr. 60,"1,8",1,CENTRO SENIŪNIJA
61,Gedimino g. 10,"1,8",1,CENTRO SENIŪNIJA
62,DAINAVOS SENIŪNIJA,,,CENTRO SENIŪNIJA
63,Birželio 23-osios 15,"1,8",1,CENTRO SENIŪNIJA
64,Draugystės g. 3 C,"1,8",1,CENTRO SENIŪNIJA
65,Draugystės g. 5 D-E,"1,8",1,CENTRO SENIŪNIJA
66,Draugystės g. 5 F,"1,8",1,CENTRO SENIŪNIJA
67,Draugystės g. 8,"1,8",1,CENTRO SENIŪNIJA
68,Draugystės g. 9E,"1,8",1,CENTRO SENIŪNIJA
69,Kovo 11-osios g. 59,"1,8",1,CENTRO SENIŪNIJA
70,Kovo 11-osios g. 69,"1,8",1,CENTRO SENIŪNIJA
71,Kovo 11- osios g. 50  vid. M-kla,"1,8",1,CENTRO SENIŪNIJA
72,Kovo 11-osios g. 74,"1,8",1,CENTRO SENIŪNIJA
73,Kovo 11-osios g. 78,"1,8",1,CENTRO SENIŪNIJA
74,Kovo 11-osios g. 82,"1,8",1,CENTRO SENIŪNIJA
75,Kovo 11-osios g. 84,"1,8",1,CENTRO SENIŪNIJA
76,Kovo 11-osios g. 96,"1,8",1,CENTRO SENIŪNIJA
77,Kovo 11-osios g. 98,"1,8",1,CENTRO SENIŪNIJA
78,Kovo 11-osios g. 100,"1,8",1,CENTRO SENIŪNIJA
79,Kovo 11-osios g. 94 V.Kuprevičiaus  vid.mok.,"1,8",1,CENTRO SENIŪNIJA
80,Partizanų g. 10 c,"1,8",1,CENTRO SENIŪNIJA
81,Partizanų g. 224,"1,8",1,CENTRO SENIŪNIJA
82,Partizanų g. 228,"1,8",1,CENTRO SENIŪNIJA
83,Partizanų g. 110-112,"1,8",1,CENTRO SENIŪNIJA
84,Partizanų g. 124-130,"1,8",1,CENTRO SENIŪNIJA
85,Partizanų g. 142,"1,8",1,CENTRO SENIŪNIJA
86,Partizanų g. 156,"1,8",1,CENTRO SENIŪNIJA
87,Partizanų g. 192 ,"1,8",1,CENTRO SENIŪNIJA
88,Partizanų g. 212,"1,8",1,CENTRO SENIŪNIJA
89,Partizanų g. 22 „Versmės“ vidurinė mokykla,"1,8",1,CENTRO SENIŪNIJA
90,Partizanų g. 26-28 ,"1,8",1,CENTRO SENIŪNIJA
91,Partizanų g. 36,"2,3",1,CENTRO SENIŪNIJA
92,Partizanų g. 42 lopš. Darž. „Vaikystė“,"1,8",1,CENTRO SENIŪNIJA
93,Partizanų g. 46 „Atžalyno“ vidurinė mokykla,"1,8",1,CENTRO SENIŪNIJA
94,Partizanų g. 48-50,"2,3",1,CENTRO SENIŪNIJA
95,Partizanų g. 5-7,"1,8",1,CENTRO SENIŪNIJA
96,Partizanų g. 54,"1,8",1,CENTRO SENIŪNIJA
97,Partizanų g. 55,"1,8",1,CENTRO SENIŪNIJA
98,Partizanų g. 56-56a,"1,8",1,CENTRO SENIŪNIJA
99,Partizanų g. 66,"1,8",1,CENTRO SENIŪNIJA
100,Partizanų g. 68 J.Urbšio vidurinė mokykla,"1,8",1,CENTRO SENIŪNIJA
101,Partizanų g. 70,"1,8",1,CENTRO SENIŪNIJA
102,Partizanų g. 78,"1,8",1,CENTRO SENIŪNIJA
103,Partizanų g. 86,"1,8",1,CENTRO SENIŪNIJA
104,Partizanų g. 98,"1,8",1,CENTRO SENIŪNIJA
105,Patrizanų g. 204 ,"2,3",1,CENTRO SENIŪNIJA
106,Pramonės pr. 55,"2,5",1,CENTRO SENIŪNIJA
107,Pramonės pr. 57,"1,8",1,CENTRO SENIŪNIJA
108,Pramonės pr. 32,"1,8",1,CENTRO SENIŪNIJA
109,Pramonės pr. 75,"1,8",1,CENTRO SENIŪNIJA
110,Pramonės pr. 77,"1,8",1,CENTRO SENIŪNIJA
111,Pramonės pr. 81/83-85,"1,8",1,CENTRO SENIŪNIJA
112,Taikos pr. 41 ,"1,6",1,CENTRO SENIŪNIJA
113,Taikos pr. 49 darželis,"1,8",1,CENTRO SENIŪNIJA
114,Taikos pr. 51 „Vyturio“ vid. Mokykla,"1,8",1,CENTRO SENIŪNIJA
115,Taikos pr. 53,"1,8",1,CENTRO SENIŪNIJA
116,Taikos pr. 86 c,"1,8",1,CENTRO SENIŪNIJA
117,Taikos pr. 99,"1,8",1,CENTRO SENIŪNIJA
118,Taikos pr. 69/73,"2,3",1,CENTRO SENIŪNIJA
119,Taikos pr. 95,"1,8",1,CENTRO SENIŪNIJA
120,Taikos pr. 75,"1,8",1,CENTRO SENIŪNIJA
121,Taikos pr. 117-119,"1,8",1,CENTRO SENIŪNIJA
122,Taikos pr. 121,"1,8",1,CENTRO SENIŪNIJA
123,Taikos pr. 125,"1,8",1,CENTRO SENIŪNIJA
124,V. Krėvės pr. 9b,"1,8",1,CENTRO SENIŪNIJA
125,V. Krėvės pr. 15 ,"2,3",1,CENTRO SENIŪNIJA
126,V.Krėvės pr. 31,"1,8",1,CENTRO SENIŪNIJA
127,V. Krėvės pr. 35 ,"1,8",1,CENTRO SENIŪNIJA
128,V. Krėvės pr. 51,"1,8",1,CENTRO SENIŪNIJA
129,V. Krėvės. pr.55,"1,8",1,CENTRO SENIŪNIJA
130,V. Krėvės pr. 61/65,"1,8",1,CENTRO SENIŪNIJA
131,V.Krėvės pr. 71/69A,"1,8",1,CENTRO SENIŪNIJA
132,V.Krėvės pr. 69/61,"1,8",1,CENTRO SENIŪNIJA
133,V. Krėvės pr. 14 MAXIMA,"1,8",1,CENTRO SENIŪNIJA
134,V. Krėvės pr. 58 darželis,"1,8",1,CENTRO SENIŪNIJA
135,V.Krėvės pr. 76,"1,8",1,CENTRO SENIŪNIJA
136,V.Krėvės pr. 82 b,"2,3",1,CENTRO SENIŪNIJA
137,V. Krėvės pr. 100,"1,8",1,CENTRO SENIŪNIJA
138,V. Krėvės pr. 113,"1,8",1,CENTRO SENIŪNIJA
139,V. Krėvės pr. 117,"2,3",1,CENTRO SENIŪNIJA
140,V. Krėvės pr. 107,"1,8",1,CENTRO SENIŪNIJA
141,V. Krėvės pr. 22,"1,8",1,CENTRO SENIŪNIJA
142,V. Krėvės pr. 114 d,"1,8",1,CENTRO SENIŪNIJA
143,Savanorių pr. 246 ,"2,3",1,CENTRO SENIŪNIJA
144,Savanorių pr. 256,"2,3",1,CENTRO SENIŪNIJA
145,Savanorių pr. 278,"2,3",1,CENTRO SENIŪNIJA
146,Savanorių pr. 294,"2,3",1,CENTRO SENIŪNIJA
147,Savanorių pr. 300,"1,8",1,CENTRO SENIŪNIJA
148,Savanorių pr. 306,"2,3",1,CENTRO SENIŪNIJA
149,"Savanorių pr. 362, prie Dubingių pard.","1,8",1,CENTRO SENIŪNIJA
150,Savanorių pr. 372,"2,3",1,CENTRO SENIŪNIJA
151,Karmėlavos kapinės (prie administracinio pastato),"2,3",1,CENTRO SENIŪNIJA
152,Kleboniškio g. galiniame autobusų sustojime,"1,8",1,EIGULIŲ SENIŪNIJA
153,"Kleboniškis, Vasarvietės 39","1,8",1,EIGULIŲ SENIŪNIJA
154,A.Ramanausko- Vanago g. 1,"2,3",1,EIGULIŲ SENIŪNIJA
155,Ašigalio g. 15,"2,3",1,EIGULIŲ SENIŪNIJA
156,Ašigalio g. 3,"2,3",1,EIGULIŲ SENIŪNIJA
157,Ašigalio g 20A Stambiagabaritinių aikšt.,"2,3",1,EIGULIŲ SENIŪNIJA
158,Ašigalio g.25,"2,3",1,EIGULIŲ SENIŪNIJA
159,Ašigalio g.41,"2,3",1,EIGULIŲ SENIŪNIJA
160,Ašigalio g.53,"2,3",1,EIGULIŲ SENIŪNIJA
161,Geležinio vilko g. 21,"2,3",1,EIGULIŲ SENIŪNIJA
162,Geležinio vilko g. 22,"1,8",1,EIGULIŲ SENIŪNIJA
163,Gelžinio vilko g. 1,"2,3",1,EIGULIŲ SENIŪNIJA
164,Gelžinio vilko g. 26,"2,3",1,EIGULIŲ SENIŪNIJA
165,Gelžinio vilko g. 28 Kalniečių vid. mokykla,"1,8",1,EIGULIŲ SENIŪNIJA
166,Gelžinio vilko g. 6,"2,3",1,EIGULIŲ SENIŪNIJA
167,Gelžinio vilko g. 8,"2,3",1,EIGULIŲ SENIŪNIJA
168,K.Škirpos g. 11,"2,3",1,EIGULIŲ SENIŪNIJA
169,K.Škirpos g. 2,"2,3",1,EIGULIŲ SENIŪNIJA
170,K.Škirpos g. 6,"2,3",1,EIGULIŲ SENIŪNIJA
171,Kalniečių g. 216,"2,3",1,EIGULIŲ SENIŪNIJA
172,Kalniečių g. 245a „Spindulėlis“,"1,8",1,EIGULIŲ SENIŪNIJA
173,Kalniečių g. 255,"2,3",1,EIGULIŲ SENIŪNIJA
174,Lazūnų g. 81 Ukdymo ir globos centras,"1,8",1,EIGULIŲ SENIŪNIJA
175,P. Plechavičiaus 9A ,"1,8",1,EIGULIŲ SENIŪNIJA
176,P. Plechavičiaus g. 1,"2,3",1,EIGULIŲ SENIŪNIJA
177,P. Plechavičiaus g. 5 darželis „Šermukšnėlis“,"1,8",1,EIGULIŲ SENIŪNIJA
178,P. Plechavičiaus g. 18,"1,8",1,EIGULIŲ SENIŪNIJA
179,P. Plechavičiaus g. 19,"2,3",1,EIGULIŲ SENIŪNIJA
180,P. Plechavičiaus g. 12,"1,8",1,EIGULIŲ SENIŪNIJA
181,P. Plechavičiaus g. 6,"1,8",1,EIGULIŲ SENIŪNIJA
182,P. Plechavičiaus g. 2,"1,8",1,EIGULIŲ SENIŪNIJA
183,P. Plechavičiaus g. 22,"1,8",1,EIGULIŲ SENIŪNIJA
184,P. Lukšio g. 2 prie „Kalniečių“ PC,"1,8",1,EIGULIŲ SENIŪNIJA
185,P.Lukšio g. 10-12,"1,8",1,EIGULIŲ SENIŪNIJA
186,P.Lukšio g. 21,"2,3",1,EIGULIŲ SENIŪNIJA
187,P. Lukšio g. 23,"1,8",1,EIGULIŲ SENIŪNIJA
188,P.Lukšio g. 27,"2,3",1,EIGULIŲ SENIŪNIJA
189,P.Lukšio g. 33/35,"1,8",1,EIGULIŲ SENIŪNIJA
190,P.Lukšio g. 37/37A,"1,8",1,EIGULIŲ SENIŪNIJA
191,"P.Lukšio g. 40 VDU ""Rasos"" gimnazija","1,8",1,EIGULIŲ SENIŪNIJA
192,P.Lukšio g. 43,"2,3",1,EIGULIŲ SENIŪNIJA
193,P.Lukšio g. 47,"2,3",1,EIGULIŲ SENIŪNIJA
194,P.Lukšio g. 64,"2,3",1,EIGULIŲ SENIŪNIJA
195,Pakraščio g. 2/4,"1,8",1,EIGULIŲ SENIŪNIJA
196,S. Žukausko g. 4/8 ,"1,8",1,EIGULIŲ SENIŪNIJA
197,S.Žukausko g. 25,"2,3",1,EIGULIŲ SENIŪNIJA
198,S.Žukausko g.24,"2,3",1,EIGULIŲ SENIŪNIJA
199,S. Žukausko  g. 13-19,"1,8",1,EIGULIŲ SENIŪNIJA
200,S.Žukausko g.5,"2,3",1,EIGULIŲ SENIŪNIJA
201,Sukilėlių g. 100-110,"1,8",1,EIGULIŲ SENIŪNIJA
202,Sukilėlių pr. 119 prie angaro,"1,8",1,EIGULIŲ SENIŪNIJA
203,Sukilėlių pr. 67,"1,8",1,EIGULIŲ SENIŪNIJA
204,Sukilėlių pr. 69,"1,8",1,EIGULIŲ SENIŪNIJA
205,Sukilėlių pr. 76,"1,8",1,EIGULIŲ SENIŪNIJA
206,Sukilėlių pr. 85,"2,3",1,EIGULIŲ SENIŪNIJA
207,Sukilėlių pr. 87 A MOLOC ,"1,3",1,EIGULIŲ SENIŪNIJA
208,Sukilėlių pr. 95,"2,3",1,EIGULIŲ SENIŪNIJA
209,Šiaurės pr. 10,"1,8",1,EIGULIŲ SENIŪNIJA
210,Šiaurės pr. 17,"1,8",1,EIGULIŲ SENIŪNIJA
211,Šiaurės pr. 22/24,"1,8",1,EIGULIŲ SENIŪNIJA
212,Šiaurės pr. 5,"2,3",1,EIGULIŲ SENIŪNIJA
213,Šiaurės pr. 53-51,"1,8",1,EIGULIŲ SENIŪNIJA
214,Šiaurės pr. 55 M.Mažvydo vidurinė mokykla,"1,8",1,EIGULIŲ SENIŪNIJA
215,Šiaurės pr. 57 Vydūno vidurinė mokykla,"1,8",1,EIGULIŲ SENIŪNIJA
216,Šiaurės pr. 75-89,"1,8",1,EIGULIŲ SENIŪNIJA
217,Šiaurės pr. 8,"2,3",1,EIGULIŲ SENIŪNIJA
218,Šiaurės pr.37,"2,3",1,EIGULIŲ SENIŪNIJA
219,Šiaurės pr.40,"2,3",1,EIGULIŲ SENIŪNIJA
220,Šiaurės pr.42,"2,3",1,EIGULIŲ SENIŪNIJA
221,Šiaurės pr.43,"2,3",1,EIGULIŲ SENIŪNIJA
222,Šiaurės pr.59,"1,8",1,EIGULIŲ SENIŪNIJA
223,Šiaurės pr.69,"2,3",1,EIGULIŲ SENIŪNIJA
224,Šiaurės pr.93,"2,3",1,EIGULIŲ SENIŪNIJA
225,Ukmergės g. 2 ,"2,3",1,EIGULIŲ SENIŪNIJA
226,Ukmergės g. 24,"1,8",1,EIGULIŲ SENIŪNIJA
227,Ukmergės g. 31,"2,3",1,EIGULIŲ SENIŪNIJA
228,Ukmergės g. 5,"2,3",1,EIGULIŲ SENIŪNIJA
229,Ukmergės g. 9,"2,3",1,EIGULIŲ SENIŪNIJA
230,Ukmergės g. 19 „Gandriukas“,"2,5",1,EIGULIŲ SENIŪNIJA
231,V. Landsbergio-Žemkalnio g. Nr. 2,"1,8",1,EIGULIŲ SENIŪNIJA
232,V. Landsbergio-Žemkalnio g. Nr. 30,"1,8",1,EIGULIŲ SENIŪNIJA
233,V.Landsbergio- Žemkalnio g. 11,"2,3",1,EIGULIŲ SENIŪNIJA
234,V. Landsbergio-Žemkalnio g. 13,"1,8",1,EIGULIŲ SENIŪNIJA
235,V.Landsbergio- Žemkalnio g. 17,"2,3",1,EIGULIŲ SENIŪNIJA
236,Varduvos g. 4,"2,3",1,EIGULIŲ SENIŪNIJA
237,Žeimenos g. 103,"2,3",1,EIGULIŲ SENIŪNIJA
238,Žeimenos g. 78,"2,3",1,EIGULIŲ SENIŪNIJA
239,A. Baranausko g. 32,"1,8",1,GRIČIUPIO SENIŪNIJA
240,A. Baranausko g. 33/35,"1,8",1,GRIČIUPIO SENIŪNIJA
241,A. ir J.Gravrogkų g. 1 -3 ,"1,8",1,GRIČIUPIO SENIŪNIJA
242,B. Sruogos g. 5,"1,8",1,GRIČIUPIO SENIŪNIJA
243,Biržiškių g. 9,"1,8",1,GRIČIUPIO SENIŪNIJA
244,Chemijos g. 9-9A,"1,8",1,GRIČIUPIO SENIŪNIJA
245,Draugystės g. 2 ir Kovo 11- osios g. 60,"1,8",1,GRIČIUPIO SENIŪNIJA
246,Žalvarnių g 11 (Sodai už Jutos),"1,8",1,GRIČIUPIO SENIŪNIJA
247,Draugystės g. 8,"1,8",1,GRIČIUPIO SENIŪNIJA
248,Dujotiekio g. 21,"2,3",1,GRIČIUPIO SENIŪNIJA
249,Gričiupio g. 11,"1,8",1,GRIČIUPIO SENIŪNIJA
250,Gričiupio g. 9,"1,8",1,GRIČIUPIO SENIŪNIJA
251,K. Baršausko g. 51,"1,8",1,GRIČIUPIO SENIŪNIJA
252,K. Baršausko g. 69,"1,8",1,GRIČIUPIO SENIŪNIJA
253,K. Baršausko g. 73,"1,8",1,GRIČIUPIO SENIŪNIJA
254,K. Baršausko g. 86,"1,8",1,GRIČIUPIO SENIŪNIJA
255,K. Baršausko g. 63 a,"1,8",1,GRIČIUPIO SENIŪNIJA
256,Kovo 11- osios g. 27,"1,8",1,GRIČIUPIO SENIŪNIJA
257,Kovo 11- osios g. 3,"1,8",1,GRIČIUPIO SENIŪNIJA
258,Kovo 11- osios g. 48 Lopš. Darželis „Malūnėlis“,"1,8",1,GRIČIUPIO SENIŪNIJA
259,Kovo 11- osios g. 50 Kovo 11 osios vidurinė mokykla,"1,8",1,GRIČIUPIO SENIŪNIJA
260,Kovo 11-osios g. 28,"1,8",1,GRIČIUPIO SENIŪNIJA
261,Kovo 11-osios g. 29,"1,8",1,GRIČIUPIO SENIŪNIJA
262,Kovo 11-osios g. 36/46,"1,8",1,GRIČIUPIO SENIŪNIJA
263,Kovo 11-osios g. 44 ,"1,8",1,GRIČIUPIO SENIŪNIJA
264,Kovo 11-osios g. 43,"1,8",1,GRIČIUPIO SENIŪNIJA
265,Kovo 11-osios g. 56-58,"1,8",1,GRIČIUPIO SENIŪNIJA
266,M. Riomerio g. 11,"1,8",1,GRIČIUPIO SENIŪNIJA
267,M. Riomerio g. 35,"1,8",1,GRIČIUPIO SENIŪNIJA
268,M. Riomerio g. 5,"1,8",1,GRIČIUPIO SENIŪNIJA
269,M.Riomerio g. 2 -4,"1,8",1,GRIČIUPIO SENIŪNIJA
270,Pašilės g. 30,"2,3",1,GRIČIUPIO SENIŪNIJA
271,Pašilės g. 36,"2,3",1,GRIČIUPIO SENIŪNIJA
272,Pašilės g. 46,"2,3",1,GRIČIUPIO SENIŪNIJA
273,Pašilės g. 54,"2,3",1,GRIČIUPIO SENIŪNIJA
274,Pašilės g. 82 ,"1,8",1,GRIČIUPIO SENIŪNIJA
275,Pašilės g. 84,"2,3",1,GRIČIUPIO SENIŪNIJA
276,Pašilės g. 86,"2,3",1,GRIČIUPIO SENIŪNIJA
277,Rimvydo 13,"1,8",1,GRIČIUPIO SENIŪNIJA
278,Rimvydo g. 15-17 ,"1,8",1,GRIČIUPIO SENIŪNIJA
279,Rimvydo g. 28,"1,8",1,GRIČIUPIO SENIŪNIJA
280,Ryšių g. 19-21,"1,8",1,GRIČIUPIO SENIŪNIJA
281,Ryšių g. 3,"1,8",1,GRIČIUPIO SENIŪNIJA
282,Rytų g. 22,"2,3",1,GRIČIUPIO SENIŪNIJA
283,Saulės 16a,"1,8",1,GRIČIUPIO SENIŪNIJA
284,Saulės 16/Studentų 29,"1,8",1,GRIČIUPIO SENIŪNIJA
285,Saulės 8-10,"1,8",1,GRIČIUPIO SENIŪNIJA
286,Saulės g. 30,"2,3",1,GRIČIUPIO SENIŪNIJA
287,Saulės 39,"1,8",1,GRIČIUPIO SENIŪNIJA
288,Saulės g. 55,"2,3",1,GRIČIUPIO SENIŪNIJA
289,Studentų g. 2a,"1,8",1,GRIČIUPIO SENIŪNIJA
290,Studentų g. 14,"1,8",1,GRIČIUPIO SENIŪNIJA
291,Studentų g. 67,"1,8",1,GRIČIUPIO SENIŪNIJA
292,Studentų g. 71,"1,8",1,GRIČIUPIO SENIŪNIJA
293,Taikos pr. 34-36,"1,8",1,GRIČIUPIO SENIŪNIJA
294,Taikos pr. 44-46,"1,8",1,GRIČIUPIO SENIŪNIJA
295,Taikos pr. 56,"2,3",1,GRIČIUPIO SENIŪNIJA
296,Taikos pr. 62/64,"1,8",1,GRIČIUPIO SENIŪNIJA
297,Topolių g. 2/ A. Purėno g.,"2,3",1,GRIČIUPIO SENIŪNIJA
298,Tunelio g. 41     1- Pirmoji specialioji mokykla,"1,8",1,GRIČIUPIO SENIŪNIJA
299,Tunelio g. 43,"1,8",1,GRIČIUPIO SENIŪNIJA
300,Varpo g. 7,"1,8",1,GRIČIUPIO SENIŪNIJA
301,Varpo g. 8,"1,8",1,GRIČIUPIO SENIŪNIJA
302,Varpo g.49 „ Varpo“ gimnazija,"1,8",1,GRIČIUPIO SENIŪNIJA
303,Žuvinto g. 37,"2,3",1,GRIČIUPIO SENIŪNIJA
304,A. Smetonos al. 63-67,"1,8",1,PANEMUNĖS SENIŪNIJA
305,A. Smetonos al. 69,"1,8",1,PANEMUNĖS SENIŪNIJA
306,A. Smetonos al./ Birutės g.,"1,8",1,PANEMUNĖS SENIŪNIJA
307,A.Smetonos al.prie namo Nr. 57 A,"1,8",1,PANEMUNĖS SENIŪNIJA
308,Birutės g. 9 Lopšelis-darželis „Pienė“,"1,8",1,PANEMUNĖS SENIŪNIJA
309,K. Veverskio g. 1-6,"1,8",1,PANEMUNĖS SENIŪNIJA
310,Kampiškių g. 5,"2,3",1,PANEMUNĖS SENIŪNIJA
311,Kariūnų pl. 3 Šilo mokykla,"1,8",1,PANEMUNĖS SENIŪNIJA
312,Kariūnų pl. 5 Panemunės prad. Mokykla,"1,8",1,PANEMUNĖS SENIŪNIJA
313,Mažoji g. prie namo Nr. 11 Įvažiavimas pro pirmą namą,"1,8",1,PANEMUNĖS SENIŪNIJA
314,Miškininkų g,"1,8",1,PANEMUNĖS SENIŪNIJA
315,Plento g. 12-14,"1,8",1,PANEMUNĖS SENIŪNIJA
316,Plento g. 20/18/10,"1,8",1,PANEMUNĖS SENIŪNIJA
317,Plento g. 26/26a-c,"1,8",1,PANEMUNĖS SENIŪNIJA
318,Plento g. priešais namą Nr. 5 (vietoj 16),"1,8",1,PANEMUNĖS SENIŪNIJA
319,"Rokai, Baltaragio g. 1 darželis „Rokutis“","1,8",1,PANEMUNĖS SENIŪNIJA
320,"Rokai, Baltaragio g. prie namo Nr. 10","1,8",1,PANEMUNĖS SENIŪNIJA
321,"Rokai, Baltaragio g. prie namo Nr. 21","1,8",1,PANEMUNĖS SENIŪNIJA
322,"Rokai, Baltaragio g. prie namo Nr. 25/27","1,8",1,PANEMUNĖS SENIŪNIJA
323,"Rokai, Girmuonio g./ Vijūnų g. kampas","1,8",1,PANEMUNĖS SENIŪNIJA
324,"Rokai, J. Borutos g. 10","1,8",1,PANEMUNĖS SENIŪNIJA
325,"Rokai, J. Borutos g. 4","1,8",1,PANEMUNĖS SENIŪNIJA
326,"Rokai, Moliakelio g. lyg ties 12","1,8",1,PANEMUNĖS SENIŪNIJA
327,"Rokai, Nemuno g. 10, Kauno rajonas","1,8",1,PANEMUNĖS SENIŪNIJA
328,Rokų sen. Girininkų km. Kaimo turizmo sodyba knygnešio P. Varkalo g. 44,"1,8",1,PANEMUNĖS SENIŪNIJA
329,"Rokai, Rokų g. 23 prie parduotuvės","1,8",1,PANEMUNĖS SENIŪNIJA
330,"SB Zuikinė, Plikakalnio takas, tel.868087022","1,8",1,PANEMUNĖS SENIŪNIJA
331,Tilto g. už „Baltic Petrolium“ prie buit kont,"1,8",1,PANEMUNĖS SENIŪNIJA
332,Vaidoto g. 11 Šv.Mato vidurinė mokykla,"1,8",1,PANEMUNĖS SENIŪNIJA
333,Vaidoto g. 115 Vaidoto vidurinė mokykla,"1,8",1,PANEMUNĖS SENIŪNIJA
334,Vaišvydava Aisčio/Šliupo,"1,8",1,PANEMUNĖS SENIŪNIJA
335,Vaišvydava Medynėlių/Užvingių,"1,8",1,PANEMUNĖS SENIŪNIJA
336,Vaišvydava Užvingių g 15,"1,8",1,PANEMUNĖS SENIŪNIJA
337,"Vaišvydava, Dienos g. 10/Miglos g.","1,8",1,PANEMUNĖS SENIŪNIJA
338,"Vaišvydava, Dubravų g./Piliuonos g. prie parduotuvės","1,8",1,PANEMUNĖS SENIŪNIJA
339,"Vaišvydava, Rusmenių/Sūrės sankirta","1,8",1,PANEMUNĖS SENIŪNIJA
340,Vaišvydo g. 28 Vaišvydavos vidurinė mokykla,"1,8",1,PANEMUNĖS SENIŪNIJA
341,"Vičiūnai, Kiškių g. 22","1,8",1,PANEMUNĖS SENIŪNIJA
342,"Vičiūnai, Kruonio..., prie parduotuvės","1,8",1,PANEMUNĖS SENIŪNIJA
343,R. Kalantos g. 10,"1,8",1,PETRAŠIŪNŲ SENIŪNIJA
344,R. Kalantos g. 21-23,"1,8",1,PETRAŠIŪNŲ SENIŪNIJA
345,R. Kalantos g. 53-55,"1,8",1,PETRAŠIŪNŲ SENIŪNIJA
346,T. Masiulio g. 9,"1,8",1,PETRAŠIŪNŲ SENIŪNIJA
347,T. Masiulio g. 10 Humanitarinė mokykla,"1,8",1,PETRAŠIŪNŲ SENIŪNIJA
348,T.Masiulio g. 13 ,"1,8",1,PETRAŠIŪNŲ SENIŪNIJA
349,Ekskavatorininkų g. 3-5 (vietoj 14),"1,8",1,PETRAŠIŪNŲ SENIŪNIJA
350,Ekskavatorininkų g. 6-8,"1,8",1,PETRAŠIŪNŲ SENIŪNIJA
351,Ekskavatorininkų g. 14,"1,8",1,PETRAŠIŪNŲ SENIŪNIJA
352,Aikštelė prie Pažaislio vienuolyno,"2,3",1,PETRAŠIŪNŲ SENIŪNIJA
353,Gimbutienės g.10-12,"1,8",1,PETRAŠIŪNŲ SENIŪNIJA
354,Gimbutienės g. 6 a,"1,8",1,PETRAŠIŪNŲ SENIŪNIJA
355,Gimbutienės g. 9 Petrašiūnų vid. mokykla,"1,8",1,PETRAŠIŪNŲ SENIŪNIJA
356,R. Kalantos g. 44,"1,8",1,PETRAŠIŪNŲ SENIŪNIJA
357,R. Kalantos g. 120 Turistinių burlaivių asociacija,"1,8",1,PETRAŠIŪNŲ SENIŪNIJA
358,"R. Kalantos g gale ""buriuotojų įlanka""","1,8",1,PETRAŠIŪNŲ SENIŪNIJA
359,Guobų g. 48  (aikštelė šalia stoties DPR 73),"1,8",1,PETRAŠIŪNŲ SENIŪNIJA
360,Ateities pl./Mairūnų takas,"1,8",1,PETRAŠIŪNŲ SENIŪNIJA
361,Technikos g. 7,"1,8",1,PETRAŠIŪNŲ SENIŪNIJA
362,Nemajūnų g. Gale Nemuno pakrantėj,"1,8",1,PETRAŠIŪNŲ SENIŪNIJA
363,Laivelių g. 19 aikštelė prie miško,"1,8",1,PETRAŠIŪNŲ SENIŪNIJA
364,Marių g. /Parko g.,"1,8",1,PETRAŠIŪNŲ SENIŪNIJA
365,Marių g. 14/10,"1,8",1,PETRAŠIŪNŲ SENIŪNIJA
366,Marių g. 16 už namo,"1,8",1,PETRAŠIŪNŲ SENIŪNIJA
367,Marių g. 2 prie parduotuvės „Taupyk“,"1,8",1,PETRAŠIŪNŲ SENIŪNIJA
368,Marių g. 37 Palemono vidurinė mokykla,"1,8",1,PETRAŠIŪNŲ SENIŪNIJA
369,Marių g. 60A,"1,8",1,PETRAŠIŪNŲ SENIŪNIJA
370,"Marių g. aikštelėje, prie Vieškūnų piliakalnio","1,8",1,PETRAŠIŪNŲ SENIŪNIJA
371,Naktigonės g. 3,"1,8",1,PETRAŠIŪNŲ SENIŪNIJA
372,Neveronių g. prie parduotuvės,"2,3",1,PETRAŠIŪNŲ SENIŪNIJA
373,Neveronių g. 26 aikštelė,"1,8",1,PETRAŠIŪNŲ SENIŪNIJA
374,Stoties g. 18,"1,8",1,PETRAŠIŪNŲ SENIŪNIJA
375,A. Juozapavičiaus pr. 21 a DNSB „XXI Kareivinės“,"1,8",1,ŠANČIŲ SENIŪNIJA
376,A. Juozapavičiaus pr. 19 A,"1,8",1,ŠANČIŲ SENIŪNIJA
377,A. Juozapavičiaus pr. 25,"1,8",1,ŠANČIŲ SENIŪNIJA
378,"A. Juozapavičiaus pr. 21 Caro namas, vartai 864029364","1,8",1,ŠANČIŲ SENIŪNIJA
379,A.Juozapavičiaus pr. 99 aikštėje,"1,8",1,ŠANČIŲ SENIŪNIJA
380,A.Juozapavičiaus pr.44,"1,8",1,ŠANČIŲ SENIŪNIJA
381,Alsėdžių g. 3,"1,8",1,ŠANČIŲ SENIŪNIJA
382,Alsėdžių g. 7,"1,8",1,ŠANČIŲ SENIŪNIJA
383,Ašmenos II g. 33-37 (įvažiavimas iš Verkių g.),"1,8",2,ŠANČIŲ SENIŪNIJA
384,Hipodromo g. 42-46,"1,8",1,ŠANČIŲ SENIŪNIJA
385,Kranto al. 52,"1,8",1,ŠANČIŲ SENIŪNIJA
386,Kranto al. 56,"1,8",1,ŠANČIŲ SENIŪNIJA
387,Kranto al. 58,"1,8",1,ŠANČIŲ SENIŪNIJA
388,Kranto al. 62,"1,8",1,ŠANČIŲ SENIŪNIJA
389,Medvėgalio g. - Ašmenos gatvė,"1,8",1,ŠANČIŲ SENIŪNIJA
390,Medvėgalio g. 29,"1,8",1,ŠANČIŲ SENIŪNIJA
391,Prancūzų g. 6,"1,8",1,ŠANČIŲ SENIŪNIJA
392,Prancūzų g. 17,"1,8",1,ŠANČIŲ SENIŪNIJA
393,Prancūzų g. 77 (pastatytas 2009 01 15),"1,8",1,ŠANČIŲ SENIŪNIJA
394,Prancūzų g. 81 (prie Rimi parduotuvės),"1,8",1,ŠANČIŲ SENIŪNIJA
395,Prancūzų g. 143,"1,8",1,ŠANČIŲ SENIŪNIJA
396,Prancūzų g. 47,"1,8",1,ŠANČIŲ SENIŪNIJA
397,Prancūzų g. 59,"1,8",1,ŠANČIŲ SENIŪNIJA
398,Prancūzų g. 68,"2,3",1,ŠANČIŲ SENIŪNIJA
399,Prancūzų g. 62 A,"1,8",1,ŠANČIŲ SENIŪNIJA
400,Prancūzų g. 88,"1,8",1,ŠANČIŲ SENIŪNIJA
401,Skuodo g. 27 Vaižganto vidurinė mokykla,"1,8",1,ŠANČIŲ SENIŪNIJA
402,"Sodų g. 26 gatvės pusėje, sodelyje (ž. Šanč) tel. 342160","1,8",1,ŠANČIŲ SENIŪNIJA
403,Verkių g. 18,"1,8",1,ŠANČIŲ SENIŪNIJA
404,Verkių g. 30 mokykla,"1,8",1,ŠANČIŲ SENIŪNIJA
405,Verkių g. 32,"1,8",1,ŠANČIŲ SENIŪNIJA
406,Verkių g. 6/ Prancūzų 76,"1,8",1,ŠANČIŲ SENIŪNIJA
407,Vokiečių g. 164 Šančių vidurinė mokykla,"1,8",1,ŠANČIŲ SENIŪNIJA
408,Vokiečių g. 27 MOLOC KONTEINERIS,"1,3",1,ŠANČIŲ SENIŪNIJA
409,Žarėnų g. 19,"1,8",1,ŠANČIŲ SENIŪNIJA
410,Apuolės g. važiuojant link Žemaičių pl.,"1,8",1,ŠILAINIŲ SENIŪNIJA
411,Apuolės g. 44 Vilijampolės soc. Globos namai,"2,3",1,ŠILAINIŲ SENIŪNIJA
412,Baltijos g. 100,"1,8",1,ŠILAINIŲ SENIŪNIJA
413,Baltijos g. 14,"1,8",1,ŠILAINIŲ SENIŪNIJA
414,Baltijos g. 21,"1,8",1,ŠILAINIŲ SENIŪNIJA
415,Baltijos g. 22,"1,8",1,ŠILAINIŲ SENIŪNIJA
416,Baltijos g. 40,"1,8",1,ŠILAINIŲ SENIŪNIJA
417,Baltijos g. 46,"1,8",1,ŠILAINIŲ SENIŪNIJA
418,Baltijos g. 45,"1,8",1,ŠILAINIŲ SENIŪNIJA
419,Baltijos g. 53,"1,8",1,ŠILAINIŲ SENIŪNIJA
420,Baltijos g. 55-57,"1,8",1,ŠILAINIŲ SENIŪNIJA
421,Baltijos g. 6,"1,8",1,ŠILAINIŲ SENIŪNIJA
422,Baltijos g. 67,"1,8",1,ŠILAINIŲ SENIŪNIJA
423,Baltijos g. 75-73,"1,8",1,ŠILAINIŲ SENIŪNIJA
424,Baltijos g. 72,"1,8",1,ŠILAINIŲ SENIŪNIJA
425,Baltijos g. 80-64,"1,8",1,ŠILAINIŲ SENIŪNIJA
426,Baltijos g. 84-78,"1,8",1,ŠILAINIŲ SENIŪNIJA
427,Baltijos g. 9,"1,8",1,ŠILAINIŲ SENIŪNIJA
428,Baltų pr. 103 „Ąžuolyno vid. Mokykla“,"1,8",1,ŠILAINIŲ SENIŪNIJA
429,Baltų pr. 107,"1,8",1,ŠILAINIŲ SENIŪNIJA
430,Baltų pr. 117 ,"1,8",1,ŠILAINIŲ SENIŪNIJA
431,Baltų pr. 121-126,"1,8",1,ŠILAINIŲ SENIŪNIJA
432,Baltų pr. 123-127 ,"1,8",1,ŠILAINIŲ SENIŪNIJA
433,Baltų pr. 13,"2,3",1,ŠILAINIŲ SENIŪNIJA
434,Baltų pr. 131-125,"1,8",1,ŠILAINIŲ SENIŪNIJA
435,Baltų pr. 149,"1,8",1,ŠILAINIŲ SENIŪNIJA
436,Baltų pr. 161-169,"1,8",1,ŠILAINIŲ SENIŪNIJA
437,Baltų pr. 181,"1,8",1,ŠILAINIŲ SENIŪNIJA
438,Baltų pr. 21 (41-15),"1,8",1,ŠILAINIŲ SENIŪNIJA
439,Baltų pr. 27,"1,8",1,ŠILAINIŲ SENIŪNIJA
440,Baltų pr. 3,"1,8",1,ŠILAINIŲ SENIŪNIJA
441,Baltų pr. 33,"1,8",1,ŠILAINIŲ SENIŪNIJA
442,Baltų pr. 4,"1,8",1,ŠILAINIŲ SENIŪNIJA
443,Baltų pr. 63,"1,8",1,ŠILAINIŲ SENIŪNIJA
444,Baltų pr. 67,"1,8",1,ŠILAINIŲ SENIŪNIJA
445,Baltų pr. 77,"1,8",1,ŠILAINIŲ SENIŪNIJA
446,Baltų pr. 97,"1,8",1,ŠILAINIŲ SENIŪNIJA
447,Eitkūnų g. gale,"2,3",1,ŠILAINIŲ SENIŪNIJA
448,IX FORTAS,"2,3",1,ŠILAINIŲ SENIŪNIJA
449,Grušo g. 4,"1,8",1,ŠILAINIŲ SENIŪNIJA
450,Bartuvos g 5b,"1,8",1,ŠILAINIŲ SENIŪNIJA
451,Kuršių g. 10,"2,3",1,ŠILAINIŲ SENIŪNIJA
452,Kuršių g. 12,"1,8",1,ŠILAINIŲ SENIŪNIJA
453,Kuršių g. 3 A,"2,3",1,ŠILAINIŲ SENIŪNIJA
454,Kuršių g. 4,"2,3",1,ŠILAINIŲ SENIŪNIJA
455,Kuršių g. 48,"2,3",1,ŠILAINIŲ SENIŪNIJA
456,Kuršių g. 52,"2,3",1,ŠILAINIŲ SENIŪNIJA
457,Kuršių g. 58,"2,3",1,ŠILAINIŲ SENIŪNIJA
458,Labūnavos g. 15,"1,8",1,ŠILAINIŲ SENIŪNIJA
459,Lazdinėlių g. prie moloc konteinerių,"2,3",1,ŠILAINIŲ SENIŪNIJA
460,Naujakurių g. 66 /33,"1,8",1,ŠILAINIŲ SENIŪNIJA
461,Naujakurių pr. 84-92,"1,8",1,ŠILAINIŲ SENIŪNIJA
462,Rasytės g. 10,"2,3",1,ŠILAINIŲ SENIŪNIJA
463,Rasytės g. 18,"2,3",1,ŠILAINIŲ SENIŪNIJA
464,Rasytės g. 28,"2,3",1,ŠILAINIŲ SENIŪNIJA
465,Rasytės g. 32,"2,3",1,ŠILAINIŲ SENIŪNIJA
466,Rasytės g. 40,"2,3",1,ŠILAINIŲ SENIŪNIJA
467,Rasytės g. 42,"1,8",1,ŠILAINIŲ SENIŪNIJA
468,Rasytės g. 5,"1,8",1,ŠILAINIŲ SENIŪNIJA
469,Rasytės g. 6,"2,3",1,ŠILAINIŲ SENIŪNIJA
470,Rietavo g. 1,"1,8",1,ŠILAINIŲ SENIŪNIJA
471,Rietavo g. 13,"1,8",1,ŠILAINIŲ SENIŪNIJA
472,Rietavo g. 17,"1,8",1,ŠILAINIŲ SENIŪNIJA
473,"Romainiai, Girios g. 4","1,8",1,ŠILAINIŲ SENIŪNIJA
474,"Romainiai, P.Rusecko/J.Bielinio/Knygnešių g.","1,8",1,ŠILAINIŲ SENIŪNIJA
475,"Sargėnai, Radviliškio g. 1","2,3",1,ŠILAINIŲ SENIŪNIJA
476,"Sargėnai, Pienių g. 2","1,8",1,ŠILAINIŲ SENIŪNIJA
477,"Sargėnai, Pienių g. 6","1,8",1,ŠILAINIŲ SENIŪNIJA
478,"Sargėnai, Pienių g. 8","1,8",1,ŠILAINIŲ SENIŪNIJA
479,"Sargėnai, Vandžiogalos g. 12","1,8",1,ŠILAINIŲ SENIŪNIJA
480,"Sargėnai, Vandžiogalos g. 84 a","1,8",1,ŠILAINIŲ SENIŪNIJA
481,"Sargėnai, Vandžiogalos g. 64 prie parduotuvės","2,3",1,ŠILAINIŲ SENIŪNIJA
482,"Sargėnai, Vandžiogalos g. 8","1,8",1,ŠILAINIŲ SENIŪNIJA
483,"Sargėnai, Žiburių g. 52","1,8",1,ŠILAINIŲ SENIŪNIJA
484,"Sargėnai, Žygaičių g. gale","2,3",1,ŠILAINIŲ SENIŪNIJA
485,"Sargėnų vidurinė mokykla,Vandžiogalos g. 51 ","1,8",1,ŠILAINIŲ SENIŪNIJA
486,Šarkuvos g. 10,"1,8",1,ŠILAINIŲ SENIŪNIJA
487,Šarkuvos g. 13,"1,8",1,ŠILAINIŲ SENIŪNIJA
488,Šarkuvos g. 19,"1,8",1,ŠILAINIŲ SENIŪNIJA
489,Šarkuvos g. 26,"1,8",1,ŠILAINIŲ SENIŪNIJA
490,Šarkuvos g. 29 už „Ryto“ prad. mokyklos,"2,3",1,ŠILAINIŲ SENIŪNIJA
491,Tvėrių ir Žemaičių pl. Sankirta,"1,8",1,ŠILAINIŲ SENIŪNIJA
492,Vėtrungės g. 2,"1,8",1,ŠILAINIŲ SENIŪNIJA
493,Vėtrungės g. 10,"1,8",1,ŠILAINIŲ SENIŪNIJA
494,Viduklės g. 8-10,"2,3",1,ŠILAINIŲ SENIŪNIJA
495,Vytėnai-Vytėnų g. -Gluosnių g. sankirta,"2,3",1,ŠILAINIŲ SENIŪNIJA
496,Vytėnai-Vytėnų g. gale-stotelė,"2,3",1,ŠILAINIŲ SENIŪNIJA
497,Žiemgalių g. 19,"1,8",1,ŠILAINIŲ SENIŪNIJA
498,A. Strazdo g. už 75 namo kom. atliekų kont.,"1,8",1,VILIJAMPOLĖS SENIŪNIJA
499,Antagynės 11 (Raudondvario plentas),"2,3",1,VILIJAMPOLĖS SENIŪNIJA
500,Demokratų g. 31,"1,8",1,VILIJAMPOLĖS SENIŪNIJA
501,Demokratų g. 36 P.Vileišio vidurinė mokykla,"1,8",1,VILIJAMPOLĖS SENIŪNIJA
502,Demokratų g. 48,"1,8",1,VILIJAMPOLĖS SENIŪNIJA
503,Gervių aikštėje prie buit. Atliekų konteinerių,"1,8",1,VILIJAMPOLĖS SENIŪNIJA
504,Gintaro g. 9 MOLOC KONTEINERIS,"1,3",1,VILIJAMPOLĖS SENIŪNIJA
505,K. Griniaus 9/13,"1,8",1,VILIJAMPOLĖS SENIŪNIJA
506,Kulvos g. 14 a,"1,8",1,VILIJAMPOLĖS SENIŪNIJA
507,Kulvos g. 34,"1,8",1,VILIJAMPOLĖS SENIŪNIJA
508,Kulvos g. 45,"1,8",1,VILIJAMPOLĖS SENIŪNIJA
509,"Lampėdžiai Vytauto g., kur sukasi autobusai","1,8",1,VILIJAMPOLĖS SENIŪNIJA
510,"Lampėdžiai, kur sukasi autobusai, tolyn prie pirties","1,8",1,VILIJAMPOLĖS SENIŪNIJA
511,"Lampėdžiai, Vytauto g./Romuvos g.","1,8",1,VILIJAMPOLĖS SENIŪNIJA
512,Lampėdžių g. 10,"1,8",1,VILIJAMPOLĖS SENIŪNIJA
513,Linkuvos g. 55/ Sąjungos a.,"1,8",1,VILIJAMPOLĖS SENIŪNIJA
514,Mušos g.6 Veršvų vidurinė mokykla,"1,8",1,VILIJAMPOLĖS SENIŪNIJA
515,Neries kr. 12-13,"1,8",1,VILIJAMPOLĖS SENIŪNIJA
516,Neries kr. 24 namo prie komunalinių atliekų konteineriu;,"1,8",1,VILIJAMPOLĖS SENIŪNIJA
517,Neries kr. 25,"1,8",1,VILIJAMPOLĖS SENIŪNIJA
518,Neries kr. 9-10,"1,8",1,VILIJAMPOLĖS SENIŪNIJA
519,Neries kr.4,"1,8",1,VILIJAMPOLĖS SENIŪNIJA
520,Neries kr.5,"1,8",1,VILIJAMPOLĖS SENIŪNIJA
521,Neries kr.7,"1,8",1,VILIJAMPOLĖS SENIŪNIJA
522,Kriščiukaičio g. 6,"1,8",1,VILIJAMPOLĖS SENIŪNIJA
523,Pagėgių g. sankritoje su Vienožinskio g aikšt. prie 56 namo;,"1,8",1,VILIJAMPOLĖS SENIŪNIJA
524,Pakalnės g. 15 MOLOC KONTEINERIS,"1,3",1,VILIJAMPOLĖS SENIŪNIJA
525,Ramygalos g. 45,"1,8",1,VILIJAMPOLĖS SENIŪNIJA
526,Ramygalos g. 9,"1,8",1,VILIJAMPOLĖS SENIŪNIJA
527,Raudondvario pl. 174 komun.atliekų kon.,"1,8",1,VILIJAMPOLĖS SENIŪNIJA
528,Raudondvario pl. 192 (Kaniūkų g.),"1,8",1,VILIJAMPOLĖS SENIŪNIJA
529,Raudondvario pl. 200 (Kaniūkų g.),"1,8",1,VILIJAMPOLĖS SENIŪNIJA
530,Raudondvario pl. 226 komun. atliekų kon.,"1,8",1,VILIJAMPOLĖS SENIŪNIJA
531,Raudondvario pl. 288 A  „Antaginiečiai“,"2,3",1,VILIJAMPOLĖS SENIŪNIJA
532,Stulginskio g. 54,"1,8",1,VILIJAMPOLĖS SENIŪNIJA
533,Stulginskio g. 61 S. Lozoraičio vid. Mok.,"1,8",1,VILIJAMPOLĖS SENIŪNIJA
534,Varnių g. 26,"1,8",1,VILIJAMPOLĖS SENIŪNIJA
535,Varnių g. 30,"1,8",1,VILIJAMPOLĖS SENIŪNIJA
536,Varnių g. 34-36,"1,8",1,VILIJAMPOLĖS SENIŪNIJA
537,Varnių g. 37,"1,8",1,VILIJAMPOLĖS SENIŪNIJA
538,Varnių g. 45,"1,8",1,VILIJAMPOLĖS SENIŪNIJA
539,Varnių g. 49 darželis „Pušaitė“,"1,8",1,VILIJAMPOLĖS SENIŪNIJA
540,Vytenio g. 10,"1,8",1,VILIJAMPOLĖS SENIŪNIJA
541,Vytenio g. 14-16,"1,8",1,VILIJAMPOLĖS SENIŪNIJA
542,Vytenio g. 20,"1,8",1,VILIJAMPOLĖS SENIŪNIJA
543,Vytenio g. 4 namo prie kom. atliekų kont.,"1,8",1,VILIJAMPOLĖS SENIŪNIJA
544,Tilžės g. 11,"1,8",1,VILIJAMPOLĖS SENIŪNIJA
545,A. Jasaičio g. 11,"1,8",1,ŽALIAKALNIO SENIŪNIJA
546,A. Kačanausko g. 14,"2,3",1,ŽALIAKALNIO SENIŪNIJA
547,A. Kačanausko g. 14,"2,3",1,ŽALIAKALNIO SENIŪNIJA
548,Archyvo g. 12,"2,5",1,ŽALIAKALNIO SENIŪNIJA
549,Archyvo g. 48 ,"1,8",1,ŽALIAKALNIO SENIŪNIJA
550,"Aukštaičių g., prie Kauko laiptų","1,8",1,ŽALIAKALNIO SENIŪNIJA
551,Auktaičių g.78 S.Nėries vidurinė mokykla,"1,8",1,ŽALIAKALNIO SENIŪNIJA
552,Aušros g. 40,"1,8",1,ŽALIAKALNIO SENIŪNIJA
553,J.Basanavičiaus al. 43B,"1,8",1,ŽALIAKALNIO SENIŪNIJA
554,J.Basanavičiaus al. 47,"1,8",1,ŽALIAKALNIO SENIŪNIJA
555,Jonavos g. 40 (prie Undinės),"1,8",1,ŽALIAKALNIO SENIŪNIJA
556,JONAVOS G. 51 a,"1,8",1,ŽALIAKALNIO SENIŪNIJA
557,Kalniečių g. 126,"2,5",1,ŽALIAKALNIO SENIŪNIJA
558,Kalniečių g. 184,"2,3",1,ŽALIAKALNIO SENIŪNIJA
559,Kalniečių g. 219,"1,8",1,ŽALIAKALNIO SENIŪNIJA
560,M. Jankaus g. 2,"1,8",1,ŽALIAKALNIO SENIŪNIJA
561,Perkūno al.3 (LKKA),"1,8",1,ŽALIAKALNIO SENIŪNIJA
562,Petrausko g. 13,"1,8",1,ŽALIAKALNIO SENIŪNIJA
563,Purienų g. 2 Kauno apskrities pagr. Mokykla „Saulutė“,"1,8",1,ŽALIAKALNIO SENIŪNIJA
564,Radvilėnų pl. 4,"1,8",1,ŽALIAKALNIO SENIŪNIJA
565,Radvilėnų pl. 56A,"1,8",1,ŽALIAKALNIO SENIŪNIJA
566,Radvilėnų pl. 7 Radvilėnų vidurinė mokykla,"1,8",1,ŽALIAKALNIO SENIŪNIJA
567,Žemgulio/Dirvos g.,"1,8",1,ŽALIAKALNIO SENIŪNIJA
568,S. Lozoraičio g. 13 Purienų vidurinė mokykla,"1,8",1,ŽALIAKALNIO SENIŪNIJA
569,Savanorių pr. 46 Saulės gimnazija (Centro sen.),"1,8",1,ŽALIAKALNIO SENIŪNIJA
570,"Savanorių pr. 111/Žemaičių g., am aikštelėje","1,8",1,ŽALIAKALNIO SENIŪNIJA
571,Savanorių pr. 178 A,"2,3",1,ŽALIAKALNIO SENIŪNIJA
572,Savanorių pr. 235,"2,3",1,ŽALIAKALNIO SENIŪNIJA
573,Savanorių pr. 241,"2,3",1,ŽALIAKALNIO SENIŪNIJA
574,Savanorių pr. 287,"2,3",1,ŽALIAKALNIO SENIŪNIJA
575,Savanorių pr./Žemaičių kampas prie IKI parduotuvės,"2,3",1,ŽALIAKALNIO SENIŪNIJA
576,Širvintų g. 15 L.Karsavino pagr.mok. (įvaž. iš Kalniečių),"1,8",1,ŽALIAKALNIO SENIŪNIJA
577,Taikos pr. 6A Aklųjų ir silpnaregių centras,"1,8",1,ŽALIAKALNIO SENIŪNIJA
578,Uosio g. 7 Kurčiųjų ir neprigirdinčių ugdymo centras(kieme),"1,8",1,ŽALIAKALNIO SENIŪNIJA
579,Vydūno al. 25-25a-b,"1,8",1,ŽALIAKALNIO SENIŪNIJA
580,Vaižganto g. 45-47,"1,8",1,ŽALIAKALNIO SENIŪNIJA
581,Vaižganto g. 7,"1,8",1,ŽALIAKALNIO SENIŪNIJA
